﻿{
  "StartYear": "",
  "YFirst": "1.32",
  "PatentLast": "",
  "AnimalPowerLast": "",
  "PrimaryEnergyLast": "",
  "PopulationLast": "",
  "Gini": "",
  "LPI": "",
  "MCapGDP": "",
  "MilitaryGDP": "",
  "UnemploymentRate": "",
  "DebtRate": "",
  "SavingsRate": "",
  "Trust": "",
  "TFP": "",
  "STEMRate": "",
  "EduRate": "",
  "PatentCount": "",
  "AnimalPower": "",
  "PrimaryEnergy": "",
  "Population": "",
  "Year": "",
  "PovertyRate": "",
  "MurderRate": "",
  "OmegaShock": "",
  "ZShock": "",
  "SocialSecIndex": "",
  "UnempInsCoverage": "",
  "FreeEduCoverage": "",
  "PensionCoverage": "",
  "HealthCoverage": "",
  "Drift": "0",
  "ZcWeight": "1.15",
  "GammaX": "1.6",
  "GammaS": "1.5",
  "MuY0": "0",
  "YBaseB1": "0",
  "YBaseA1": "0",
  "YBaseA0": "0",
  "ZImpactK": "15",
  "YLimitDecayBeta": "0.06",
  "LandCapLimitCoef": "15",
  "BonusTheta": "1",
  "SInit": "0",
  "SDecayRate": "1",
  "KY": "1.15",
  "LimitCoef": "1",
  "SAccumCoef": "1",
  "BonusP": "1.2"
}